{
  "project_info": {
    "project_number": "115493899849",
    "firebase_url": "https://eduspot-57447-default-rtdb.asia-southeast1.firebasedatabase.app",
    "project_id": "eduspot-57447",
    "storage_bucket": "eduspot-57447.firebasestorage.app"
  },
  "client": [
    {
      "client_info": {
        "mobilesdk_app_id": "1:115493899849:android:bbbe257b7f257e24f57998",
        "android_client_info": {
          "package_name": "com.example.eduspot"
        }
      },
      "oauth_client": [],
      "api_key": [
        {
          "current_key": "AIzaSyB940pSvgemIIZG4n5pB-BQHAxR1Dbe_rM"
        }
      ],
      "services": {
        "appinvite_service": {
          "other_platform_oauth_client": []
        }
      }
    }
  ],
  "configuration_version": "1"
}